ProductID,date,quantity_sales
P001,2025-01-01,54
P002,2025-01-01,30
P003,2025-01-01,68
P004,2025-01-01,114
P005,2025-01-01,29
P006,2025-01-01,69
P007,2025-01-01,82
P008,2025-01-01,94
P009,2025-01-01,94
P010,2025-01-01,84
P011,2025-01-01,56
P012,2025-01-01,93
P013,2025-01-01,410
P014,2025-01-01,33
P015,2025-01-01,104
P016,2025-01-01,65
P017,2025-01-01,58
P018,2025-01-01,35
P019,2025-01-01,20
P020,2025-01-01,168
P021,2025-01-01,48
P022,2025-01-01,46
P023,2025-01-01,63
P024,2025-01-01,50
P025,2025-01-01,64
P026,2025-01-01,109
P027,2025-01-01,63
P028,2025-01-01,59
P029,2025-01-01,40
P030,2025-01-01,113
P031,2025-01-01,97
P032,2025-01-01,47
P033,2025-01-01,114
P034,2025-01-01,139
P035,2025-01-01,74
P036,2025-01-01,28
P037,2025-01-01,376
P038,2025-01-01,434
P039,2025-01-01,139
P040,2025-01-01,223
P041,2025-01-01,56
P042,2025-01-01,61
P043,2025-01-01,127
P044,2025-01-01,80
P045,2025-01-01,55
P046,2025-01-01,69
P047,2025-01-01,157
P048,2025-01-01,116
P049,2025-01-01,82
P050,2025-01-01,32
P051,2025-01-01,26
P052,2025-01-01,42
P053,2025-01-01,49
P054,2025-01-01,78
P055,2025-01-01,51
P056,2025-01-01,205
P057,2025-01-01,54
P058,2025-01-01,113
P059,2025-01-01,83
P060,2025-01-01,140
P061,2025-01-01,33
P062,2025-01-01,49
P063,2025-01-01,112
P064,2025-01-01,59
P065,2025-01-01,111
P066,2025-01-01,121
P067,2025-01-01,95
P068,2025-01-01,251
P069,2025-01-01,108
P070,2025-01-01,103
P071,2025-01-01,140
P072,2025-01-01,135
P073,2025-01-01,197
P074,2025-01-01,39
P075,2025-01-01,49
P076,2025-01-01,97
P077,2025-01-01,31
P078,2025-01-01,68
P079,2025-01-01,48
P080,2025-01-01,70
P081,2025-01-01,27
P082,2025-01-01,146
P083,2025-01-01,111
P084,2025-01-01,190
P085,2025-01-01,190
P086,2025-01-01,146
P087,2025-01-01,278
P088,2025-01-01,37
P089,2025-01-01,24
P090,2025-01-01,70
P091,2025-01-01,42
P092,2025-01-01,55
P093,2025-01-01,49
P094,2025-01-01,117
P095,2025-01-01,106
P096,2025-01-01,47
P097,2025-01-01,87
P098,2025-01-01,62
P099,2025-01-01,66
P100,2025-01-01,102
P101,2025-01-01,47
P102,2025-01-01,322
P103,2025-01-01,138
P104,2025-01-01,158
P105,2025-01-01,35
P106,2025-01-01,50
P107,2025-01-01,36
P108,2025-01-01,56
P109,2025-01-01,83
P110,2025-01-01,57
P111,2025-01-01,243
P112,2025-01-01,56
P113,2025-01-01,36
P114,2025-01-01,84
P115,2025-01-01,87
P116,2025-01-01,108
P117,2025-01-01,100
P118,2025-01-01,88
P119,2025-01-01,27
P120,2025-01-01,67
P121,2025-01-01,190
P122,2025-01-01,56
P123,2025-01-01,57
P124,2025-01-01,87
P125,2025-01-01,94
P126,2025-01-01,52
P127,2025-01-01,166
P128,2025-01-01,102
P129,2025-01-01,88
P130,2025-01-01,35
P131,2025-01-01,106
P132,2025-01-01,274
P133,2025-01-01,105
P134,2025-01-01,155
P135,2025-01-01,117
P136,2025-01-01,80
P137,2025-01-01,68
P138,2025-01-01,115
P139,2025-01-01,41
P140,2025-01-01,28
P141,2025-01-01,56
P142,2025-01-01,151
P143,2025-01-01,160
P144,2025-01-01,167
P145,2025-01-01,27
P146,2025-01-01,47
P147,2025-01-01,66
P148,2025-01-01,139
P149,2025-01-01,66
P150,2025-01-01,43
P151,2025-01-01,67
P152,2025-01-01,33
P153,2025-01-01,68
P154,2025-01-01,61
P155,2025-01-01,268
P156,2025-01-01,61
P157,2025-01-01,106
P158,2025-01-01,83
P159,2025-01-01,80
P160,2025-01-01,69
P161,2025-01-01,27
P162,2025-01-01,59
P163,2025-01-01,239
P164,2025-01-01,118
P165,2025-01-01,49
P166,2025-01-01,113
P167,2025-01-01,95
P168,2025-01-01,138
P169,2025-01-01,84
P170,2025-01-01,52
P171,2025-01-01,182
P172,2025-01-01,80
P173,2025-01-01,192
P174,2025-01-01,93
P175,2025-01-01,72
P176,2025-01-01,89
P177,2025-01-01,181
P178,2025-01-01,61
P179,2025-01-01,34
P180,2025-01-01,35
P181,2025-01-01,107
P182,2025-01-01,69
P183,2025-01-01,45
P184,2025-01-01,77
P185,2025-01-01,73
P186,2025-01-01,24
P187,2025-01-01,123
P188,2025-01-01,157
P189,2025-01-01,262
P190,2025-01-01,81
P191,2025-01-01,103
P192,2025-01-01,183
P193,2025-01-01,64
P194,2025-01-01,92
P195,2025-01-01,52
P196,2025-01-01,27
P197,2025-01-01,55
P198,2025-01-01,28
P199,2025-01-01,99
P200,2025-01-01,42
P201,2025-01-01,88
P202,2025-01-01,55
P203,2025-01-01,142
P204,2025-01-01,143
P205,2025-01-01,17
P206,2025-01-01,32
P207,2025-01-01,87
P208,2025-01-01,62
P209,2025-01-01,88
P210,2025-01-01,200
P211,2025-01-01,129
P212,2025-01-01,26
P213,2025-01-01,115
P214,2025-01-01,136
P215,2025-01-01,48
P216,2025-01-01,121
P217,2025-01-01,55
P218,2025-01-01,72
P219,2025-01-01,77
P220,2025-01-01,120
P221,2025-01-01,93
P222,2025-01-01,78
P223,2025-01-01,34
P224,2025-01-01,47
P225,2025-01-01,61
P226,2025-01-01,44
P227,2025-01-01,77
P228,2025-01-01,269
P229,2025-01-01,56
P230,2025-01-01,64
P231,2025-01-01,21
P232,2025-01-01,116
P233,2025-01-01,26
P234,2025-01-01,45
P235,2025-01-01,104
P236,2025-01-01,34
P237,2025-01-01,103
P238,2025-01-01,150
P239,2025-01-01,173
P240,2025-01-01,33
P241,2025-01-01,58
P242,2025-01-01,286
P243,2025-01-01,98
P244,2025-01-01,51
P245,2025-01-01,35
P246,2025-01-01,43
P247,2025-01-01,67
P248,2025-01-01,150
P249,2025-01-01,100
P250,2025-01-01,43
P001,2025-02-01,59
P002,2025-02-01,30
P003,2025-02-01,74
P004,2025-02-01,137
P005,2025-02-01,31
P006,2025-02-01,14
P007,2025-02-01,71
P008,2025-02-01,62
P009,2025-02-01,97
P010,2025-02-01,75
P011,2025-02-01,65
P012,2025-02-01,93
P013,2025-02-01,105
P014,2025-02-01,32
P015,2025-02-01,111
P016,2025-02-01,56
P017,2025-02-01,61
P018,2025-02-01,32
P019,2025-02-01,34
P020,2025-02-01,182
P021,2025-02-01,41
P022,2025-02-01,37
P023,2025-02-01,61
P024,2025-02-01,39
P025,2025-02-01,72
P026,2025-02-01,129
P027,2025-02-01,61
P028,2025-02-01,85
P029,2025-02-01,25
P030,2025-02-01,159
P031,2025-02-01,264
P032,2025-02-01,34
P033,2025-02-01,110
P034,2025-02-01,154
P035,2025-02-01,59
P036,2025-02-01,34
P037,2025-02-01,100
P038,2025-02-01,230
P039,2025-02-01,186
P040,2025-02-01,116
P041,2025-02-01,66
P042,2025-02-01,67
P043,2025-02-01,165
P044,2025-02-01,77
P045,2025-02-01,42
P046,2025-02-01,100
P047,2025-02-01,159
P048,2025-02-01,354
P049,2025-02-01,66
P050,2025-02-01,32
P051,2025-02-01,29
P052,2025-02-01,54
P053,2025-02-01,58
P054,2025-02-01,80
P055,2025-02-01,80
P056,2025-02-01,187
P057,2025-02-01,86
P058,2025-02-01,135
P059,2025-02-01,72
P060,2025-02-01,194
P061,2025-02-01,37
P062,2025-02-01,43
P063,2025-02-01,143
P064,2025-02-01,67
P065,2025-02-01,112
P066,2025-02-01,76
P067,2025-02-01,90
P068,2025-02-01,193
P069,2025-02-01,84
P070,2025-02-01,137
P071,2025-02-01,137
P072,2025-02-01,176
P073,2025-02-01,12
P074,2025-02-01,52
P075,2025-02-01,61
P076,2025-02-01,98
P077,2025-02-01,22
P078,2025-02-01,37
P079,2025-02-01,54
P080,2025-02-01,40
P081,2025-02-01,29
P082,2025-02-01,199
P083,2025-02-01,109
P084,2025-02-01,145
P085,2025-02-01,178
P086,2025-02-01,132
P087,2025-02-01,208
P088,2025-02-01,44
P089,2025-02-01,38
P090,2025-02-01,62
P091,2025-02-01,39
P092,2025-02-01,54
P093,2025-02-01,37
P094,2025-02-01,97
P095,2025-02-01,114
P096,2025-02-01,66
P097,2025-02-01,84
P098,2025-02-01,75
P099,2025-02-01,109
P100,2025-02-01,63
P101,2025-02-01,62
P102,2025-02-01,140
P103,2025-02-01,164
P104,2025-02-01,186
P105,2025-02-01,37
P106,2025-02-01,47
P107,2025-02-01,26
P108,2025-02-01,53
P109,2025-02-01,88
P110,2025-02-01,71
P111,2025-02-01,261
P112,2025-02-01,59
P113,2025-02-01,29
P114,2025-02-01,102
P115,2025-02-01,85
P116,2025-02-01,101
P117,2025-02-01,88
P118,2025-02-01,96
P119,2025-02-01,31
P120,2025-02-01,69
P121,2025-02-01,74
P122,2025-02-01,51
P123,2025-02-01,56
P124,2025-02-01,68
P125,2025-02-01,124
P126,2025-02-01,50
P127,2025-02-01,167
P128,2025-02-01,102
P129,2025-02-01,100
P130,2025-02-01,28
P131,2025-02-01,82
P132,2025-02-01,67
P133,2025-02-01,103
P134,2025-02-01,278
P135,2025-02-01,222
P136,2025-02-01,95
P137,2025-02-01,62
P138,2025-02-01,94
P139,2025-02-01,36
P140,2025-02-01,36
P141,2025-02-01,46
P142,2025-02-01,164
P143,2025-02-01,49
P144,2025-02-01,165
P145,2025-02-01,31
P146,2025-02-01,35
P147,2025-02-01,42
P148,2025-02-01,102
P149,2025-02-01,77
P150,2025-02-01,74
P151,2025-02-01,56
P152,2025-02-01,25
P153,2025-02-01,118
P154,2025-02-01,60
P155,2025-02-01,170
P156,2025-02-01,57
P157,2025-02-01,110
P158,2025-02-01,105
P159,2025-02-01,68
P160,2025-02-01,68
P161,2025-02-01,27
P162,2025-02-01,65
P163,2025-02-01,386
P164,2025-02-01,116
P165,2025-02-01,32
P166,2025-02-01,96
P167,2025-02-01,61
P168,2025-02-01,110
P169,2025-02-01,66
P170,2025-02-01,100
P171,2025-02-01,179
P172,2025-02-01,71
P173,2025-02-01,128
P174,2025-02-01,93
P175,2025-02-01,74
P176,2025-02-01,22
P177,2025-02-01,276
P178,2025-02-01,91
P179,2025-02-01,59
P180,2025-02-01,32
P181,2025-02-01,105
P182,2025-02-01,67
P183,2025-02-01,40
P184,2025-02-01,92
P185,2025-02-01,73
P186,2025-02-01,32
P187,2025-02-01,57
P188,2025-02-01,98
P189,2025-02-01,250
P190,2025-02-01,74
P191,2025-02-01,74
P192,2025-02-01,185
P193,2025-02-01,61
P194,2025-02-01,84
P195,2025-02-01,40
P196,2025-02-01,122
P197,2025-02-01,564
P198,2025-02-01,26
P199,2025-02-01,136
P200,2025-02-01,57
P201,2025-02-01,77
P202,2025-02-01,47
P203,2025-02-01,96
P204,2025-02-01,142
P205,2025-02-01,279
P206,2025-02-01,39
P207,2025-02-01,96
P208,2025-02-01,71
P209,2025-02-01,56
P210,2025-02-01,261
P211,2025-02-01,87
P212,2025-02-01,31
P213,2025-02-01,98
P214,2025-02-01,45
P215,2025-02-01,57
P216,2025-02-01,104
P217,2025-02-01,68
P218,2025-02-01,53
P219,2025-02-01,86
P220,2025-02-01,113
P221,2025-02-01,117
P222,2025-02-01,95
P223,2025-02-01,49
P224,2025-02-01,66
P225,2025-02-01,76
P226,2025-02-01,37
P227,2025-02-01,91
P228,2025-02-01,216
P229,2025-02-01,47
P230,2025-02-01,48
P231,2025-02-01,23
P232,2025-02-01,106
P233,2025-02-01,28
P234,2025-02-01,38
P235,2025-02-01,127
P236,2025-02-01,33
P237,2025-02-01,66
P238,2025-02-01,151
P239,2025-02-01,125
P240,2025-02-01,36
P241,2025-02-01,48
P242,2025-02-01,110
P243,2025-02-01,100
P244,2025-02-01,38
P245,2025-02-01,42
P246,2025-02-01,81
P247,2025-02-01,90
P248,2025-02-01,151
P249,2025-02-01,93
P250,2025-02-01,40
P001,2025-03-01,51
P002,2025-03-01,31
P003,2025-03-01,58
P004,2025-03-01,146
P005,2025-03-01,34
P006,2025-03-01,59
P007,2025-03-01,73
P008,2025-03-01,95
P009,2025-03-01,85
P010,2025-03-01,98
P011,2025-03-01,66
P012,2025-03-01,63
P013,2025-03-01,199
P014,2025-03-01,22
P015,2025-03-01,125
P016,2025-03-01,81
P017,2025-03-01,56
P018,2025-03-01,36
P019,2025-03-01,36
P020,2025-03-01,152
P021,2025-03-01,46
P022,2025-03-01,33
P023,2025-03-01,46
P024,2025-03-01,53
P025,2025-03-01,58
P026,2025-03-01,177
P027,2025-03-01,41
P028,2025-03-01,83
P029,2025-03-01,44
P030,2025-03-01,184
P031,2025-03-01,79
P032,2025-03-01,34
P033,2025-03-01,145
P034,2025-03-01,137
P035,2025-03-01,70
P036,2025-03-01,47
P037,2025-03-01,167
P038,2025-03-01,137
P039,2025-03-01,86
P040,2025-03-01,80
P041,2025-03-01,59
P042,2025-03-01,78
P043,2025-03-01,137
P044,2025-03-01,50
P045,2025-03-01,45
P046,2025-03-01,134
P047,2025-03-01,229
P048,2025-03-01,107
P049,2025-03-01,61
P050,2025-03-01,36
P051,2025-03-01,42
P052,2025-03-01,41
P053,2025-03-01,65
P054,2025-03-01,68
P055,2025-03-01,62
P056,2025-03-01,191
P057,2025-03-01,79
P058,2025-03-01,129
P059,2025-03-01,58
P060,2025-03-01,159
P061,2025-03-01,32
P062,2025-03-01,38
P063,2025-03-01,137
P064,2025-03-01,88
P065,2025-03-01,107
P066,2025-03-01,94
P067,2025-03-01,140
P068,2025-03-01,309
P069,2025-03-01,103
P070,2025-03-01,117
P071,2025-03-01,106
P072,2025-03-01,111
P073,2025-03-01,106
P074,2025-03-01,59
P075,2025-03-01,59
P076,2025-03-01,92
P077,2025-03-01,32
P078,2025-03-01,32
P079,2025-03-01,37
P080,2025-03-01,39
P081,2025-03-01,31
P082,2025-03-01,114
P083,2025-03-01,107
P084,2025-03-01,622
P085,2025-03-01,134
P086,2025-03-01,120
P087,2025-03-01,191
P088,2025-03-01,46
P089,2025-03-01,28
P090,2025-03-01,58
P091,2025-03-01,37
P092,2025-03-01,76
P093,2025-03-01,40
P094,2025-03-01,108
P095,2025-03-01,102
P096,2025-03-01,65
P097,2025-03-01,81
P098,2025-03-01,67
P099,2025-03-01,89
P100,2025-03-01,55
P101,2025-03-01,78
P102,2025-03-01,63
P103,2025-03-01,137
P104,2025-03-01,123
P105,2025-03-01,46
P106,2025-03-01,41
P107,2025-03-01,31
P108,2025-03-01,54
P109,2025-03-01,105
P110,2025-03-01,57
P111,2025-03-01,233
P112,2025-03-01,80
P113,2025-03-01,38
P114,2025-03-01,87
P115,2025-03-01,84
P116,2025-03-01,81
P117,2025-03-01,96
P118,2025-03-01,92
P119,2025-03-01,28
P120,2025-03-01,57
P121,2025-03-01,44
P122,2025-03-01,59
P123,2025-03-01,52
P124,2025-03-01,89
P125,2025-03-01,88
P126,2025-03-01,41
P127,2025-03-01,131
P128,2025-03-01,108
P129,2025-03-01,105
P130,2025-03-01,26
P131,2025-03-01,108
P132,2025-03-01,51
P133,2025-03-01,92
P134,2025-03-01,184
P135,2025-03-01,184
P136,2025-03-01,81
P137,2025-03-01,58
P138,2025-03-01,73
P139,2025-03-01,37
P140,2025-03-01,35
P141,2025-03-01,41
P142,2025-03-01,135
P143,2025-03-01,52
P144,2025-03-01,103
P145,2025-03-01,27
P146,2025-03-01,33
P147,2025-03-01,67
P148,2025-03-01,89
P149,2025-03-01,82
P150,2025-03-01,91
P151,2025-03-01,58
P152,2025-03-01,28
P153,2025-03-01,139
P154,2025-03-01,53
P155,2025-03-01,161
P156,2025-03-01,66
P157,2025-03-01,92
P158,2025-03-01,80
P159,2025-03-01,71
P160,2025-03-01,79
P161,2025-03-01,32
P162,2025-03-01,73
P163,2025-03-01,250
P164,2025-03-01,108
P165,2025-03-01,54
P166,2025-03-01,98
P167,2025-03-01,73
P168,2025-03-01,114
P169,2025-03-01,55
P170,2025-03-01,114
P171,2025-03-01,138
P172,2025-03-01,71
P173,2025-03-01,84
P174,2025-03-01,119
P175,2025-03-01,49
P176,2025-03-01,49
P177,2025-03-01,118
P178,2025-03-01,65
P179,2025-03-01,39
P180,2025-03-01,37
P181,2025-03-01,114
P182,2025-03-01,73
P183,2025-03-01,45
P184,2025-03-01,94
P185,2025-03-01,99
P186,2025-03-01,23
P187,2025-03-01,311
P188,2025-03-01,144
P189,2025-03-01,180
P190,2025-03-01,69
P191,2025-03-01,86
P192,2025-03-01,153
P193,2025-03-01,90
P194,2025-03-01,72
P195,2025-03-01,50
P196,2025-03-01,26
P197,2025-03-01,137
P198,2025-03-01,29
P199,2025-03-01,79
P200,2025-03-01,50
P201,2025-03-01,74
P202,2025-03-01,62
P203,2025-03-01,122
P204,2025-03-01,119
P205,2025-03-01,283
P206,2025-03-01,31
P207,2025-03-01,69
P208,2025-03-01,62
P209,2025-03-01,65
P210,2025-03-01,251
P211,2025-03-01,95
P212,2025-03-01,23
P213,2025-03-01,107
P214,2025-03-01,70
P215,2025-03-01,55
P216,2025-03-01,155
P217,2025-03-01,38
P218,2025-03-01,41
P219,2025-03-01,79
P220,2025-03-01,127
P221,2025-03-01,95
P222,2025-03-01,67
P223,2025-03-01,49
P224,2025-03-01,31
P225,2025-03-01,44
P226,2025-03-01,47
P227,2025-03-01,69
P228,2025-03-01,154
P229,2025-03-01,51
P230,2025-03-01,54
P231,2025-03-01,27
P232,2025-03-01,77
P233,2025-03-01,32
P234,2025-03-01,41
P235,2025-03-01,141
P236,2025-03-01,29
P237,2025-03-01,73
P238,2025-03-01,98
P239,2025-03-01,134
P240,2025-03-01,39
P241,2025-03-01,62
P242,2025-03-01,255
P243,2025-03-01,75
P244,2025-03-01,37
P245,2025-03-01,30
P246,2025-03-01,40
P247,2025-03-01,44
P248,2025-03-01,188
P249,2025-03-01,103
P250,2025-03-01,35
P001,2025-04-01,46
P002,2025-04-01,37
P003,2025-04-01,51
P004,2025-04-01,105
P005,2025-04-01,32
P006,2025-04-01,65
P007,2025-04-01,78
P008,2025-04-01,80
P009,2025-04-01,65
P010,2025-04-01,92
P011,2025-04-01,53
P012,2025-04-01,76
P013,2025-04-01,200
P014,2025-04-01,29
P015,2025-04-01,74
P016,2025-04-01,76
P017,2025-04-01,43
P018,2025-04-01,21
P019,2025-04-01,39
P020,2025-04-01,186
P021,2025-04-01,51
P022,2025-04-01,29
P023,2025-04-01,50
P024,2025-04-01,44
P025,2025-04-01,71
P026,2025-04-01,201
P027,2025-04-01,59
P028,2025-04-01,71
P029,2025-04-01,31
P030,2025-04-01,149
P031,2025-04-01,70
P032,2025-04-01,33
P033,2025-04-01,108
P034,2025-04-01,164
P035,2025-04-01,87
P036,2025-04-01,33
P037,2025-04-01,74
P038,2025-04-01,231
P039,2025-04-01,100
P040,2025-04-01,68
P041,2025-04-01,54
P042,2025-04-01,29
P043,2025-04-01,157
P044,2025-04-01,61
P045,2025-04-01,37
P046,2025-04-01,68
P047,2025-04-01,682
P048,2025-04-01,51
P049,2025-04-01,70
P050,2025-04-01,24
P051,2025-04-01,34
P052,2025-04-01,53
P053,2025-04-01,51
P054,2025-04-01,77
P055,2025-04-01,76
P056,2025-04-01,145
P057,2025-04-01,57
P058,2025-04-01,110
P059,2025-04-01,92
P060,2025-04-01,191
P061,2025-04-01,35
P062,2025-04-01,55
P063,2025-04-01,129
P064,2025-04-01,74
P065,2025-04-01,121
P066,2025-04-01,98
P067,2025-04-01,101
P068,2025-04-01,25
P069,2025-04-01,77
P070,2025-04-01,142
P071,2025-04-01,97
P072,2025-04-01,107
P073,2025-04-01,200
P074,2025-04-01,48
P075,2025-04-01,60
P076,2025-04-01,97
P077,2025-04-01,34
P078,2025-04-01,22
P079,2025-04-01,37
P080,2025-04-01,42
P081,2025-04-01,40
P082,2025-04-01,234
P083,2025-04-01,100
P084,2025-04-01,503
P085,2025-04-01,150
P086,2025-04-01,122
P087,2025-04-01,132
P088,2025-04-01,41
P089,2025-04-01,32
P090,2025-04-01,67
P091,2025-04-01,36
P092,2025-04-01,44
P093,2025-04-01,28
P094,2025-04-01,95
P095,2025-04-01,81
P096,2025-04-01,69
P097,2025-04-01,86
P098,2025-04-01,73
P099,2025-04-01,86
P100,2025-04-01,60
P101,2025-04-01,63
P102,2025-04-01,175
P103,2025-04-01,164
P104,2025-04-01,136
P105,2025-04-01,43
P106,2025-04-01,53
P107,2025-04-01,31
P108,2025-04-01,74
P109,2025-04-01,60
P110,2025-04-01,59
P111,2025-04-01,202
P112,2025-04-01,52
P113,2025-04-01,39
P114,2025-04-01,83
P115,2025-04-01,87
P116,2025-04-01,121
P117,2025-04-01,66
P118,2025-04-01,75
P119,2025-04-01,31
P120,2025-04-01,50
P121,2025-04-01,47
P122,2025-04-01,46
P123,2025-04-01,54
P124,2025-04-01,79
P125,2025-04-01,103
P126,2025-04-01,24
P127,2025-04-01,0
P128,2025-04-01,88
P129,2025-04-01,90
P130,2025-04-01,24
P131,2025-04-01,87
P132,2025-04-01,91
P133,2025-04-01,114
P134,2025-04-01,155
P135,2025-04-01,144
P136,2025-04-01,66
P137,2025-04-01,78
P138,2025-04-01,129
P139,2025-04-01,50
P140,2025-04-01,32
P141,2025-04-01,35
P142,2025-04-01,125
P143,2025-04-01,53
P144,2025-04-01,178
P145,2025-04-01,33
P146,2025-04-01,28
P147,2025-04-01,62
P148,2025-04-01,87
P149,2025-04-01,76
P150,2025-04-01,156
P151,2025-04-01,61
P152,2025-04-01,33
P153,2025-04-01,130
P154,2025-04-01,47
P155,2025-04-01,126
P156,2025-04-01,68
P157,2025-04-01,113
P158,2025-04-01,99
P159,2025-04-01,59
P160,2025-04-01,59
P161,2025-04-01,21
P162,2025-04-01,77
P163,2025-04-01,72
P164,2025-04-01,113
P165,2025-04-01,37
P166,2025-04-01,80
P167,2025-04-01,109
P168,2025-04-01,68
P169,2025-04-01,76
P170,2025-04-01,166
P171,2025-04-01,155
P172,2025-04-01,71
P173,2025-04-01,133
P174,2025-04-01,61
P175,2025-04-01,56
P176,2025-04-01,74
P177,2025-04-01,472
P178,2025-04-01,82
P179,2025-04-01,57
P180,2025-04-01,30
P181,2025-04-01,108
P182,2025-04-01,85
P183,2025-04-01,42
P184,2025-04-01,78
P185,2025-04-01,76
P186,2025-04-01,29
P187,2025-04-01,125
P188,2025-04-01,157
P189,2025-04-01,203
P190,2025-04-01,74
P191,2025-04-01,79
P192,2025-04-01,194
P193,2025-04-01,48
P194,2025-04-01,81
P195,2025-04-01,47
P196,2025-04-01,27
P197,2025-04-01,64
P198,2025-04-01,33
P199,2025-04-01,119
P200,2025-04-01,64
P201,2025-04-01,61
P202,2025-04-01,46
P203,2025-04-01,142
P204,2025-04-01,95
P205,2025-04-01,114
P206,2025-04-01,30
P207,2025-04-01,70
P208,2025-04-01,65
P209,2025-04-01,73
P210,2025-04-01,87
P211,2025-04-01,129
P212,2025-04-01,32
P213,2025-04-01,93
P214,2025-04-01,56
P215,2025-04-01,54
P216,2025-04-01,122
P217,2025-04-01,52
P218,2025-04-01,41
P219,2025-04-01,62
P220,2025-04-01,113
P221,2025-04-01,91
P222,2025-04-01,53
P223,2025-04-01,66
P224,2025-04-01,37
P225,2025-04-01,57
P226,2025-04-01,37
P227,2025-04-01,63
P228,2025-04-01,195
P229,2025-04-01,49
P230,2025-04-01,54
P231,2025-04-01,30
P232,2025-04-01,61
P233,2025-04-01,30
P234,2025-04-01,40
P235,2025-04-01,120
P236,2025-04-01,30
P237,2025-04-01,88
P238,2025-04-01,118
P239,2025-04-01,185
P240,2025-04-01,46
P241,2025-04-01,61
P242,2025-04-01,232
P243,2025-04-01,77
P244,2025-04-01,33
P245,2025-04-01,35
P246,2025-04-01,49
P247,2025-04-01,47
P248,2025-04-01,89
P249,2025-04-01,104
P250,2025-04-01,45
P001,2025-05-01,45
P002,2025-05-01,41
P003,2025-05-01,64
P004,2025-05-01,124
P005,2025-05-01,31
P006,2025-05-01,41
P007,2025-05-01,70
P008,2025-05-01,126
P009,2025-05-01,105
P010,2025-05-01,72
P011,2025-05-01,52
P012,2025-05-01,112
P013,2025-05-01,81
P014,2025-05-01,24
P015,2025-05-01,118
P016,2025-05-01,56
P017,2025-05-01,40
P018,2025-05-01,30
P019,2025-05-01,48
P020,2025-05-01,185
P021,2025-05-01,52
P022,2025-05-01,34
P023,2025-05-01,55
P024,2025-05-01,64
P025,2025-05-01,87
P026,2025-05-01,164
P027,2025-05-01,67
P028,2025-05-01,69
P029,2025-05-01,32
P030,2025-05-01,116
P031,2025-05-01,93
P032,2025-05-01,27
P033,2025-05-01,104
P034,2025-05-01,189
P035,2025-05-01,98
P036,2025-05-01,40
P037,2025-05-01,235
P038,2025-05-01,47
P039,2025-05-01,94
P040,2025-05-01,74
P041,2025-05-01,63
P042,2025-05-01,93
P043,2025-05-01,117
P044,2025-05-01,288
P045,2025-05-01,33
P046,2025-05-01,51
P047,2025-05-01,228
P048,2025-05-01,49
P049,2025-05-01,94
P050,2025-05-01,30
P051,2025-05-01,36
P052,2025-05-01,54
P053,2025-05-01,63
P054,2025-05-01,103
P055,2025-05-01,75
P056,2025-05-01,429
P057,2025-05-01,57
P058,2025-05-01,149
P059,2025-05-01,63
P060,2025-05-01,161
P061,2025-05-01,43
P062,2025-05-01,55
P063,2025-05-01,120
P064,2025-05-01,67
P065,2025-05-01,130
P066,2025-05-01,126
P067,2025-05-01,120
P068,2025-05-01,114
P069,2025-05-01,87
P070,2025-05-01,136
P071,2025-05-01,125
P072,2025-05-01,110
P073,2025-05-01,64
P074,2025-05-01,53
P075,2025-05-01,60
P076,2025-05-01,116
P077,2025-05-01,34
P078,2025-05-01,50
P079,2025-05-01,46
P080,2025-05-01,225
P081,2025-05-01,28
P082,2025-05-01,409
P083,2025-05-01,102
P084,2025-05-01,315
P085,2025-05-01,115
P086,2025-05-01,106
P087,2025-05-01,212
P088,2025-05-01,49
P089,2025-05-01,35
P090,2025-05-01,78
P091,2025-05-01,78
P092,2025-05-01,290
P093,2025-05-01,25
P094,2025-05-01,99
P095,2025-05-01,56
P096,2025-05-01,67
P097,2025-05-01,92
P098,2025-05-01,72
P099,2025-05-01,115
P100,2025-05-01,69
P101,2025-05-01,82
P102,2025-05-01,66
P103,2025-05-01,175
P104,2025-05-01,139
P105,2025-05-01,28
P106,2025-05-01,53
P107,2025-05-01,32
P108,2025-05-01,60
P109,2025-05-01,81
P110,2025-05-01,65
P111,2025-05-01,232
P112,2025-05-01,52
P113,2025-05-01,40
P114,2025-05-01,113
P115,2025-05-01,77
P116,2025-05-01,123
P117,2025-05-01,90
P118,2025-05-01,91
P119,2025-05-01,31
P120,2025-05-01,41
P121,2025-05-01,22
P122,2025-05-01,60
P123,2025-05-01,52
P124,2025-05-01,89
P125,2025-05-01,87
P126,2025-05-01,36
P127,2025-05-01,266
P128,2025-05-01,114
P129,2025-05-01,102
P130,2025-05-01,28
P131,2025-05-01,85
P132,2025-05-01,82
P133,2025-05-01,146
P134,2025-05-01,189
P135,2025-05-01,124
P136,2025-05-01,77
P137,2025-05-01,56
P138,2025-05-01,107
P139,2025-05-01,34
P140,2025-05-01,29
P141,2025-05-01,62
P142,2025-05-01,141
P143,2025-05-01,43
P144,2025-05-01,133
P145,2025-05-01,32
P146,2025-05-01,36
P147,2025-05-01,65
P148,2025-05-01,104
P149,2025-05-01,52
P150,2025-05-01,76
P151,2025-05-01,67
P152,2025-05-01,37
P153,2025-05-01,172
P154,2025-05-01,41
P155,2025-05-01,124
P156,2025-05-01,74
P157,2025-05-01,106
P158,2025-05-01,78
P159,2025-05-01,84
P160,2025-05-01,99
P161,2025-05-01,13
P162,2025-05-01,68
P163,2025-05-01,202
P164,2025-05-01,140
P165,2025-05-01,55
P166,2025-05-01,97
P167,2025-05-01,51
P168,2025-05-01,114
P169,2025-05-01,84
P170,2025-05-01,82
P171,2025-05-01,119
P172,2025-05-01,64
P173,2025-05-01,9
P174,2025-05-01,128
P175,2025-05-01,56
P176,2025-05-01,98
P177,2025-05-01,1220
P178,2025-05-01,62
P179,2025-05-01,57
P180,2025-05-01,33
P181,2025-05-01,104
P182,2025-05-01,70
P183,2025-05-01,49
P184,2025-05-01,107
P185,2025-05-01,75
P186,2025-05-01,31
P187,2025-05-01,121
P188,2025-05-01,241
P189,2025-05-01,238
P190,2025-05-01,76
P191,2025-05-01,93
P192,2025-05-01,200
P193,2025-05-01,103
P194,2025-05-01,89
P195,2025-05-01,51
P196,2025-05-01,40
P197,2025-05-01,157
P198,2025-05-01,39
P199,2025-05-01,126
P200,2025-05-01,55
P201,2025-05-01,105
P202,2025-05-01,35
P203,2025-05-01,108
P204,2025-05-01,105
P205,2025-05-01,180
P206,2025-05-01,37
P207,2025-05-01,65
P208,2025-05-01,105
P209,2025-05-01,93
P210,2025-05-01,149
P211,2025-05-01,99
P212,2025-05-01,40
P213,2025-05-01,96
P214,2025-05-01,97
P215,2025-05-01,55
P216,2025-05-01,161
P217,2025-05-01,58
P218,2025-05-01,55
P219,2025-05-01,59
P220,2025-05-01,88
P221,2025-05-01,117
P222,2025-05-01,56
P223,2025-05-01,42
P224,2025-05-01,31
P225,2025-05-01,23
P226,2025-05-01,42
P227,2025-05-01,75
P228,2025-05-01,240
P229,2025-05-01,44
P230,2025-05-01,68
P231,2025-05-01,29
P232,2025-05-01,87
P233,2025-05-01,25
P234,2025-05-01,46
P235,2025-05-01,126
P236,2025-05-01,39
P237,2025-05-01,75
P238,2025-05-01,116
P239,2025-05-01,142
P240,2025-05-01,50
P241,2025-05-01,45
P242,2025-05-01,325
P243,2025-05-01,65
P244,2025-05-01,48
P245,2025-05-01,45
P246,2025-05-01,37
P247,2025-05-01,82
P248,2025-05-01,76
P249,2025-05-01,137
P250,2025-05-01,31
P001,2025-06-01,52
P002,2025-06-01,40
P003,2025-06-01,73
P004,2025-06-01,116
P005,2025-06-01,29
P006,2025-06-01,65
P007,2025-06-01,66
P008,2025-06-01,360
P009,2025-06-01,98
P010,2025-06-01,64
P011,2025-06-01,61
P012,2025-06-01,100
P013,2025-06-01,138
P014,2025-06-01,37
P015,2025-06-01,94
P016,2025-06-01,64
P017,2025-06-01,56
P018,2025-06-01,42
P019,2025-06-01,37
P020,2025-06-01,296
P021,2025-06-01,48
P022,2025-06-01,40
P023,2025-06-01,79
P024,2025-06-01,84
P025,2025-06-01,103
P026,2025-06-01,132
P027,2025-06-01,58
P028,2025-06-01,56
P029,2025-06-01,43
P030,2025-06-01,184
P031,2025-06-01,64
P032,2025-06-01,33
P033,2025-06-01,143
P034,2025-06-01,178
P035,2025-06-01,69
P036,2025-06-01,29
P037,2025-06-01,201
P038,2025-06-01,57
P039,2025-06-01,144
P040,2025-06-01,14
P041,2025-06-01,87
P042,2025-06-01,73
P043,2025-06-01,140
P044,2025-06-01,91
P045,2025-06-01,26
P046,2025-06-01,223
P047,2025-06-01,927
P048,2025-06-01,219
P049,2025-06-01,89
P050,2025-06-01,40
P051,2025-06-01,30
P052,2025-06-01,76
P053,2025-06-01,69
P054,2025-06-01,99
P055,2025-06-01,87
P056,2025-06-01,258
P057,2025-06-01,67
P058,2025-06-01,145
P059,2025-06-01,46
P060,2025-06-01,210
P061,2025-06-01,25
P062,2025-06-01,72
P063,2025-06-01,140
P064,2025-06-01,80
P065,2025-06-01,166
P066,2025-06-01,81
P067,2025-06-01,170
P068,2025-06-01,109
P069,2025-06-01,109
P070,2025-06-01,238
P071,2025-06-01,115
P072,2025-06-01,166
P073,2025-06-01,100
P074,2025-06-01,57
P075,2025-06-01,64
P076,2025-06-01,135
P077,2025-06-01,31
P078,2025-06-01,44
P079,2025-06-01,44
P080,2025-06-01,63
P081,2025-06-01,37
P082,2025-06-01,121
P083,2025-06-01,170
P084,2025-06-01,411
P085,2025-06-01,126
P086,2025-06-01,132
P087,2025-06-01,262
P088,2025-06-01,47
P089,2025-06-01,31
P090,2025-06-01,68
P091,2025-06-01,48
P092,2025-06-01,123
P093,2025-06-01,42
P094,2025-06-01,146
P095,2025-06-01,104
P096,2025-06-01,92
P097,2025-06-01,89
P098,2025-06-01,53
P099,2025-06-01,64
P100,2025-06-01,105
P101,2025-06-01,47
P102,2025-06-01,155
P103,2025-06-01,163
P104,2025-06-01,125
P105,2025-06-01,48
P106,2025-06-01,70
P107,2025-06-01,44
P108,2025-06-01,90
P109,2025-06-01,78
P110,2025-06-01,69
P111,2025-06-01,211
P112,2025-06-01,48
P113,2025-06-01,34
P114,2025-06-01,107
P115,2025-06-01,63
P116,2025-06-01,131
P117,2025-06-01,108
P118,2025-06-01,84
P119,2025-06-01,29
P120,2025-06-01,50
P121,2025-06-01,51
P122,2025-06-01,60
P123,2025-06-01,52
P124,2025-06-01,123
P125,2025-06-01,86
P126,2025-06-01,35
P127,2025-06-01,311
P128,2025-06-01,123
P129,2025-06-01,131
P130,2025-06-01,24
P131,2025-06-01,135
P132,2025-06-01,46
P133,2025-06-01,181
P134,2025-06-01,160
P135,2025-06-01,152
P136,2025-06-01,74
P137,2025-06-01,67
P138,2025-06-01,398
P139,2025-06-01,51
P140,2025-06-01,28
P141,2025-06-01,45
P142,2025-06-01,120
P143,2025-06-01,31
P144,2025-06-01,179
P145,2025-06-01,37
P146,2025-06-01,43
P147,2025-06-01,107
P148,2025-06-01,118
P149,2025-06-01,114
P150,2025-06-01,64
P151,2025-06-01,51
P152,2025-06-01,43
P153,2025-06-01,149
P154,2025-06-01,45
P155,2025-06-01,145
P156,2025-06-01,68
P157,2025-06-01,178
P158,2025-06-01,72
P159,2025-06-01,95
P160,2025-06-01,72
P161,2025-06-01,31
P162,2025-06-01,95
P163,2025-06-01,290
P164,2025-06-01,130
P165,2025-06-01,50
P166,2025-06-01,129
P167,2025-06-01,87
P168,2025-06-01,128
P169,2025-06-01,109
P170,2025-06-01,60
P171,2025-06-01,156
P172,2025-06-01,74
P173,2025-06-01,326
P174,2025-06-01,162
P175,2025-06-01,66
P176,2025-06-01,63
P177,2025-06-01,276
P178,2025-06-01,94
P179,2025-06-01,46
P180,2025-06-01,29
P181,2025-06-01,151
P182,2025-06-01,78
P183,2025-06-01,49
P184,2025-06-01,155
P185,2025-06-01,101
P186,2025-06-01,35
P187,2025-06-01,87
P188,2025-06-01,147
P189,2025-06-01,249
P190,2025-06-01,107
P191,2025-06-01,87
P192,2025-06-01,204
P193,2025-06-01,112
P194,2025-06-01,104
P195,2025-06-01,49
P196,2025-06-01,63
P197,2025-06-01,190
P198,2025-06-01,42
P199,2025-06-01,171
P200,2025-06-01,49
P201,2025-06-01,64
P202,2025-06-01,53
P203,2025-06-01,190
P204,2025-06-01,101
P205,2025-06-01,917
P206,2025-06-01,47
P207,2025-06-01,95
P208,2025-06-01,93
P209,2025-06-01,128
P210,2025-06-01,737
P211,2025-06-01,142
P212,2025-06-01,48
P213,2025-06-01,62
P214,2025-06-01,85
P215,2025-06-01,66
P216,2025-06-01,142
P217,2025-06-01,52
P218,2025-06-01,54
P219,2025-06-01,105
P220,2025-06-01,76
P221,2025-06-01,101
P222,2025-06-01,60
P223,2025-06-01,46
P224,2025-06-01,29
P225,2025-06-01,39
P226,2025-06-01,34
P227,2025-06-01,91
P228,2025-06-01,315
P229,2025-06-01,49
P230,2025-06-01,47
P231,2025-06-01,26
P232,2025-06-01,86
P233,2025-06-01,13
P234,2025-06-01,55
P235,2025-06-01,109
P236,2025-06-01,39
P237,2025-06-01,65
P238,2025-06-01,99
P239,2025-06-01,139
P240,2025-06-01,64
P241,2025-06-01,68
P242,2025-06-01,429
P243,2025-06-01,57
P244,2025-06-01,45
P245,2025-06-01,44
P246,2025-06-01,34
P247,2025-06-01,39
P248,2025-06-01,115
P249,2025-06-01,136
P250,2025-06-01,52
P001,2025-07-01,77
P002,2025-07-01,30
P003,2025-07-01,69
P004,2025-07-01,161
P005,2025-07-01,38
P006,2025-07-01,43
P007,2025-07-01,69
P008,2025-07-01,123
P009,2025-07-01,112
P010,2025-07-01,72
P011,2025-07-01,59
P012,2025-07-01,106
P013,2025-07-01,87
P014,2025-07-01,31
P015,2025-07-01,119
P016,2025-07-01,92
P017,2025-07-01,45
P018,2025-07-01,19
P019,2025-07-01,55
P020,2025-07-01,343
P021,2025-07-01,50
P022,2025-07-01,59
P023,2025-07-01,71
P024,2025-07-01,60
P025,2025-07-01,72
P026,2025-07-01,149
P027,2025-07-01,41
P028,2025-07-01,80
P029,2025-07-01,30
P030,2025-07-01,235
P031,2025-07-01,215
P032,2025-07-01,43
P033,2025-07-01,146
P034,2025-07-01,183
P035,2025-07-01,86
P036,2025-07-01,40
P037,2025-07-01,51
P038,2025-07-01,121
P039,2025-07-01,105
P040,2025-07-01,74
P041,2025-07-01,66
P042,2025-07-01,88
P043,2025-07-01,133
P044,2025-07-01,88
P045,2025-07-01,40
P046,2025-07-01,92
P047,2025-07-01,162
P048,2025-07-01,52
P049,2025-07-01,92
P050,2025-07-01,40
P051,2025-07-01,25
P052,2025-07-01,53
P053,2025-07-01,69
P054,2025-07-01,83
P055,2025-07-01,66
P056,2025-07-01,211
P057,2025-07-01,62
P058,2025-07-01,141
P059,2025-07-01,53
P060,2025-07-01,180
P061,2025-07-01,33
P062,2025-07-01,80
P063,2025-07-01,168
P064,2025-07-01,92
P065,2025-07-01,165
P066,2025-07-01,84
P067,2025-07-01,136
P068,2025-07-01,104
P069,2025-07-01,92
P070,2025-07-01,214
P071,2025-07-01,110
P072,2025-07-01,133
P073,2025-07-01,104
P074,2025-07-01,67
P075,2025-07-01,59
P076,2025-07-01,101
P077,2025-07-01,37
P078,2025-07-01,40
P079,2025-07-01,42
P080,2025-07-01,56
P081,2025-07-01,37
P082,2025-07-01,352
P083,2025-07-01,142
P084,2025-07-01,267
P085,2025-07-01,142
P086,2025-07-01,159
P087,2025-07-01,257
P088,2025-07-01,46
P089,2025-07-01,31
P090,2025-07-01,62
P091,2025-07-01,67
P092,2025-07-01,43
P093,2025-07-01,42
P094,2025-07-01,117
P095,2025-07-01,136
P096,2025-07-01,81
P097,2025-07-01,58
P098,2025-07-01,63
P099,2025-07-01,139
P100,2025-07-01,67
P101,2025-07-01,58
P102,2025-07-01,52
P103,2025-07-01,156
P104,2025-07-01,123
P105,2025-07-01,42
P106,2025-07-01,66
P107,2025-07-01,37
P108,2025-07-01,95
P109,2025-07-01,56
P110,2025-07-01,67
P111,2025-07-01,197
P112,2025-07-01,65
P113,2025-07-01,28
P114,2025-07-01,103
P115,2025-07-01,71
P116,2025-07-01,131
P117,2025-07-01,118
P118,2025-07-01,86
P119,2025-07-01,26
P120,2025-07-01,48
P121,2025-07-01,62
P122,2025-07-01,61
P123,2025-07-01,53
P124,2025-07-01,98
P125,2025-07-01,100
P126,2025-07-01,39
P127,2025-07-01,134
P128,2025-07-01,112
P129,2025-07-01,177
P130,2025-07-01,40
P131,2025-07-01,111
P132,2025-07-01,48
P133,2025-07-01,201
P134,2025-07-01,173
P135,2025-07-01,129
P136,2025-07-01,61
P137,2025-07-01,55
P138,2025-07-01,278
P139,2025-07-01,46
P140,2025-07-01,36
P141,2025-07-01,48
P142,2025-07-01,123
P143,2025-07-01,62
P144,2025-07-01,231
P145,2025-07-01,33
P146,2025-07-01,39
P147,2025-07-01,109
P148,2025-07-01,114
P149,2025-07-01,99
P150,2025-07-01,40
P151,2025-07-01,46
P152,2025-07-01,44
P153,2025-07-01,141
P154,2025-07-01,49
P155,2025-07-01,57
P156,2025-07-01,71
P157,2025-07-01,126
P158,2025-07-01,79
P159,2025-07-01,85
P160,2025-07-01,75
P161,2025-07-01,29
P162,2025-07-01,107
P163,2025-07-01,194
P164,2025-07-01,112
P165,2025-07-01,54
P166,2025-07-01,120
P167,2025-07-01,99
P168,2025-07-01,92
P169,2025-07-01,77
P170,2025-07-01,145
P171,2025-07-01,221
P172,2025-07-01,75
P173,2025-07-01,86
P174,2025-07-01,140
P175,2025-07-01,62
P176,2025-07-01,53
P177,2025-07-01,175
P178,2025-07-01,95
P179,2025-07-01,44
P180,2025-07-01,34
P181,2025-07-01,151
P182,2025-07-01,93
P183,2025-07-01,42
P184,2025-07-01,99
P185,2025-07-01,105
P186,2025-07-01,38
P187,2025-07-01,202
P188,2025-07-01,156
P189,2025-07-01,264
P190,2025-07-01,90
P191,2025-07-01,73
P192,2025-07-01,249
P193,2025-07-01,53
P194,2025-07-01,96
P195,2025-07-01,38
P196,2025-07-01,64
P197,2025-07-01,340
P198,2025-07-01,56
P199,2025-07-01,184
P200,2025-07-01,57
P201,2025-07-01,87
P202,2025-07-01,41
P203,2025-07-01,210
P204,2025-07-01,89
P205,2025-07-01,254
P206,2025-07-01,49
P207,2025-07-01,72
P208,2025-07-01,102
P209,2025-07-01,125
P210,2025-07-01,248
P211,2025-07-01,112
P212,2025-07-01,48
P213,2025-07-01,91
P214,2025-07-01,25
P215,2025-07-01,60
P216,2025-07-01,151
P217,2025-07-01,45
P218,2025-07-01,62
P219,2025-07-01,106
P220,2025-07-01,102
P221,2025-07-01,111
P222,2025-07-01,68
P223,2025-07-01,49
P224,2025-07-01,35
P225,2025-07-01,86
P226,2025-07-01,40
P227,2025-07-01,100
P228,2025-07-01,295
P229,2025-07-01,52
P230,2025-07-01,57
P231,2025-07-01,29
P232,2025-07-01,85
P233,2025-07-01,35
P234,2025-07-01,44
P235,2025-07-01,113
P236,2025-07-01,38
P237,2025-07-01,89
P238,2025-07-01,121
P239,2025-07-01,303
P240,2025-07-01,43
P241,2025-07-01,61
P242,2025-07-01,340
P243,2025-07-01,99
P244,2025-07-01,44
P245,2025-07-01,42
P246,2025-07-01,166
P247,2025-07-01,66
P248,2025-07-01,169
P249,2025-07-01,147
P250,2025-07-01,52
P001,2025-08-01,67
P002,2025-08-01,35
P003,2025-08-01,78
P004,2025-08-01,117
P005,2025-08-01,30
P006,2025-08-01,40
P007,2025-08-01,70
P008,2025-08-01,171
P009,2025-08-01,130
P010,2025-08-01,84
P011,2025-08-01,58
P012,2025-08-01,95
P013,2025-08-01,529
P014,2025-08-01,37
P015,2025-08-01,130
P016,2025-08-01,85
P017,2025-08-01,59
P018,2025-08-01,36
P019,2025-08-01,45
P020,2025-08-01,303
P021,2025-08-01,54
P022,2025-08-01,48
P023,2025-08-01,80
P024,2025-08-01,53
P025,2025-08-01,108
P026,2025-08-01,157
P027,2025-08-01,47
P028,2025-08-01,66
P029,2025-08-01,53
P030,2025-08-01,208
P031,2025-08-01,67
P032,2025-08-01,40
P033,2025-08-01,105
P034,2025-08-01,180
P035,2025-08-01,78
P036,2025-08-01,36
P037,2025-08-01,417
P038,2025-08-01,64
P039,2025-08-01,105
P040,2025-08-01,57
P041,2025-08-01,76
P042,2025-08-01,44
P043,2025-08-01,156
P044,2025-08-01,259
P045,2025-08-01,33
P046,2025-08-01,102
P047,2025-08-01,217
P048,2025-08-01,89
P049,2025-08-01,74
P050,2025-08-01,49
P051,2025-08-01,33
P052,2025-08-01,67
P053,2025-08-01,79
P054,2025-08-01,87
P055,2025-08-01,67
P056,2025-08-01,187
P057,2025-08-01,65
P058,2025-08-01,123
P059,2025-08-01,70
P060,2025-08-01,194
P061,2025-08-01,34
P062,2025-08-01,70
P063,2025-08-01,188
P064,2025-08-01,97
P065,2025-08-01,125
P066,2025-08-01,80
P067,2025-08-01,155
P068,2025-08-01,127
P069,2025-08-01,88
P070,2025-08-01,195
P071,2025-08-01,101
P072,2025-08-01,117
P073,2025-08-01,104
P074,2025-08-01,68
P075,2025-08-01,34
P076,2025-08-01,129
P077,2025-08-01,30
P078,2025-08-01,25
P079,2025-08-01,41
P080,2025-08-01,72
P081,2025-08-01,39
P082,2025-08-01,166
P083,2025-08-01,154
P084,2025-08-01,201
P085,2025-08-01,108
P086,2025-08-01,134
P087,2025-08-01,275
P088,2025-08-01,48
P089,2025-08-01,42
P090,2025-08-01,72
P091,2025-08-01,79
P092,2025-08-01,72
P093,2025-08-01,32
P094,2025-08-01,156
P095,2025-08-01,121
P096,2025-08-01,108
P097,2025-08-01,79
P098,2025-08-01,72
P099,2025-08-01,83
P100,2025-08-01,84
P101,2025-08-01,62
P102,2025-08-01,93
P103,2025-08-01,148
P104,2025-08-01,142
P105,2025-08-01,34
P106,2025-08-01,64
P107,2025-08-01,56
P108,2025-08-01,86
P109,2025-08-01,84
P110,2025-08-01,65
P111,2025-08-01,227
P112,2025-08-01,51
P113,2025-08-01,28
P114,2025-08-01,121
P115,2025-08-01,88
P116,2025-08-01,118
P117,2025-08-01,134
P118,2025-08-01,87
P119,2025-08-01,36
P120,2025-08-01,49
P121,2025-08-01,291
P122,2025-08-01,66
P123,2025-08-01,51
P124,2025-08-01,100
P125,2025-08-01,95
P126,2025-08-01,35
P127,2025-08-01,140
P128,2025-08-01,127
P129,2025-08-01,147
P130,2025-08-01,32
P131,2025-08-01,115
P132,2025-08-01,82
P133,2025-08-01,154
P134,2025-08-01,178
P135,2025-08-01,143
P136,2025-08-01,79
P137,2025-08-01,65
P138,2025-08-01,117
P139,2025-08-01,59
P140,2025-08-01,28
P141,2025-08-01,56
P142,2025-08-01,165
P143,2025-08-01,48
P144,2025-08-01,209
P145,2025-08-01,48
P146,2025-08-01,44
P147,2025-08-01,109
P148,2025-08-01,142
P149,2025-08-01,99
P150,2025-08-01,218
P151,2025-08-01,56
P152,2025-08-01,48
P153,2025-08-01,134
P154,2025-08-01,46
P155,2025-08-01,196
P156,2025-08-01,76
P157,2025-08-01,166
P158,2025-08-01,72
P159,2025-08-01,92
P160,2025-08-01,65
P161,2025-08-01,27
P162,2025-08-01,129
P163,2025-08-01,905
P164,2025-08-01,126
P165,2025-08-01,51
P166,2025-08-01,122
P167,2025-08-01,91
P168,2025-08-01,96
P169,2025-08-01,148
P170,2025-08-01,94
P171,2025-08-01,135
P172,2025-08-01,82
P173,2025-08-01,135
P174,2025-08-01,587
P175,2025-08-01,56
P176,2025-08-01,28
P177,2025-08-01,147
P178,2025-08-01,98
P179,2025-08-01,48
P180,2025-08-01,28
P181,2025-08-01,122
P182,2025-08-01,71
P183,2025-08-01,38
P184,2025-08-01,143
P185,2025-08-01,123
P186,2025-08-01,49
P187,2025-08-01,230
P188,2025-08-01,172
P189,2025-08-01,290
P190,2025-08-01,105
P191,2025-08-01,78
P192,2025-08-01,218
P193,2025-08-01,295
P194,2025-08-01,141
P195,2025-08-01,54
P196,2025-08-01,37
P197,2025-08-01,92
P198,2025-08-01,41
P199,2025-08-01,164
P200,2025-08-01,55
P201,2025-08-01,109
P202,2025-08-01,59
P203,2025-08-01,200
P204,2025-08-01,81
P205,2025-08-01,326
P206,2025-08-01,51
P207,2025-08-01,97
P208,2025-08-01,78
P209,2025-08-01,84
P210,2025-08-01,212
P211,2025-08-01,115
P212,2025-08-01,38
P213,2025-08-01,88
P214,2025-08-01,39
P215,2025-08-01,55
P216,2025-08-01,135
P217,2025-08-01,51
P218,2025-08-01,56
P219,2025-08-01,128
P220,2025-08-01,109
P221,2025-08-01,120
P222,2025-08-01,72
P223,2025-08-01,66
P224,2025-08-01,30
P225,2025-08-01,51
P226,2025-08-01,40
P227,2025-08-01,96
P228,2025-08-01,213
P229,2025-08-01,35
P230,2025-08-01,48
P231,2025-08-01,31
P232,2025-08-01,100
P233,2025-08-01,33
P234,2025-08-01,70
P235,2025-08-01,127
P236,2025-08-01,26
P237,2025-08-01,76
P238,2025-08-01,130
P239,2025-08-01,212
P240,2025-08-01,44
P241,2025-08-01,56
P242,2025-08-01,675
P243,2025-08-01,74
P244,2025-08-01,44
P245,2025-08-01,43
P246,2025-08-01,40
P247,2025-08-01,43
P248,2025-08-01,343
P249,2025-08-01,186
P250,2025-08-01,47
P001,2025-09-01,62
P002,2025-09-01,38
P003,2025-09-01,71
P004,2025-09-01,136
P005,2025-09-01,28
P006,2025-09-01,35
P007,2025-09-01,63
P008,2025-09-01,104
P009,2025-09-01,88
P010,2025-09-01,72
P011,2025-09-01,25
P012,2025-09-01,79
P013,2025-09-01,138
P014,2025-09-01,26
P015,2025-09-01,126
P016,2025-09-01,61
P017,2025-09-01,51
P018,2025-09-01,34
P019,2025-09-01,40
P020,2025-09-01,171
P021,2025-09-01,47
P022,2025-09-01,40
P023,2025-09-01,57
P024,2025-09-01,55
P025,2025-09-01,62
P026,2025-09-01,122
P027,2025-09-01,57
P028,2025-09-01,75
P029,2025-09-01,41
P030,2025-09-01,165
P031,2025-09-01,82
P032,2025-09-01,44
P033,2025-09-01,151
P034,2025-09-01,209
P035,2025-09-01,73
P036,2025-09-01,41
P037,2025-09-01,165
P038,2025-09-01,69
P039,2025-09-01,130
P040,2025-09-01,61
P041,2025-09-01,63
P042,2025-09-01,86
P043,2025-09-01,145
P044,2025-09-01,65
P045,2025-09-01,36
P046,2025-09-01,110
P047,2025-09-01,80
P048,2025-09-01,42
P049,2025-09-01,82
P050,2025-09-01,32
P051,2025-09-01,31
P052,2025-09-01,48
P053,2025-09-01,68
P054,2025-09-01,92
P055,2025-09-01,87
P056,2025-09-01,314
P057,2025-09-01,72
P058,2025-09-01,150
P059,2025-09-01,61
P060,2025-09-01,167
P061,2025-09-01,36
P062,2025-09-01,63
P063,2025-09-01,156
P064,2025-09-01,60
P065,2025-09-01,145
P066,2025-09-01,53
P067,2025-09-01,125
P068,2025-09-01,76
P069,2025-09-01,85
P070,2025-09-01,146
P071,2025-09-01,100
P072,2025-09-01,115
P073,2025-09-01,115
P074,2025-09-01,40
P075,2025-09-01,58
P076,2025-09-01,93
P077,2025-09-01,30
P078,2025-09-01,79
P079,2025-09-01,40
P080,2025-09-01,30
P081,2025-09-01,30
P082,2025-09-01,235
P083,2025-09-01,152
P084,2025-09-01,82
P085,2025-09-01,137
P086,2025-09-01,126
P087,2025-09-01,291
P088,2025-09-01,61
P089,2025-09-01,36
P090,2025-09-01,63
P091,2025-09-01,65
P092,2025-09-01,93
P093,2025-09-01,39
P094,2025-09-01,115
P095,2025-09-01,85
P096,2025-09-01,62
P097,2025-09-01,87
P098,2025-09-01,76
P099,2025-09-01,171
P100,2025-09-01,60
P101,2025-09-01,58
P102,2025-09-01,69
P103,2025-09-01,127
P104,2025-09-01,161
P105,2025-09-01,38
P106,2025-09-01,43
P107,2025-09-01,38
P108,2025-09-01,56
P109,2025-09-01,61
P110,2025-09-01,67
P111,2025-09-01,212
P112,2025-09-01,56
P113,2025-09-01,29
P114,2025-09-01,98
P115,2025-09-01,87
P116,2025-09-01,96
P117,2025-09-01,105
P118,2025-09-01,88
P119,2025-09-01,31
P120,2025-09-01,56
P121,2025-09-01,53
P122,2025-09-01,66
P123,2025-09-01,41
P124,2025-09-01,81
P125,2025-09-01,87
P126,2025-09-01,29
P127,2025-09-01,73
P128,2025-09-01,94
P129,2025-09-01,115
P130,2025-09-01,24
P131,2025-09-01,93
P132,2025-09-01,186
P133,2025-09-01,149
P134,2025-09-01,189
P135,2025-09-01,130
P136,2025-09-01,95
P137,2025-09-01,63
P138,2025-09-01,110
P139,2025-09-01,38
P140,2025-09-01,43
P141,2025-09-01,59
P142,2025-09-01,129
P143,2025-09-01,84
P144,2025-09-01,134
P145,2025-09-01,37
P146,2025-09-01,35
P147,2025-09-01,51
P148,2025-09-01,92
P149,2025-09-01,48
P150,2025-09-01,35
P151,2025-09-01,70
P152,2025-09-01,32
P153,2025-09-01,162
P154,2025-09-01,55
P155,2025-09-01,83
P156,2025-09-01,65
P157,2025-09-01,109
P158,2025-09-01,81
P159,2025-09-01,85
P160,2025-09-01,69
P161,2025-09-01,29
P162,2025-09-01,96
P163,2025-09-01,181
P164,2025-09-01,136
P165,2025-09-01,44
P166,2025-09-01,88
P167,2025-09-01,78
P168,2025-09-01,108
P169,2025-09-01,94
P170,2025-09-01,70
P171,2025-09-01,159
P172,2025-09-01,73
P173,2025-09-01,192
P174,2025-09-01,177
P175,2025-09-01,65
P176,2025-09-01,44
P177,2025-09-01,140
P178,2025-09-01,78
P179,2025-09-01,46
P180,2025-09-01,24
P181,2025-09-01,122
P182,2025-09-01,70
P183,2025-09-01,44
P184,2025-09-01,96
P185,2025-09-01,104
P186,2025-09-01,29
P187,2025-09-01,147
P188,2025-09-01,145
P189,2025-09-01,332
P190,2025-09-01,102
P191,2025-09-01,78
P192,2025-09-01,155
P193,2025-09-01,81
P194,2025-09-01,107
P195,2025-09-01,46
P196,2025-09-01,39
P197,2025-09-01,186
P198,2025-09-01,33
P199,2025-09-01,150
P200,2025-09-01,37
P201,2025-09-01,82
P202,2025-09-01,67
P203,2025-09-01,126
P204,2025-09-01,89
P205,2025-09-01,1057
P206,2025-09-01,42
P207,2025-09-01,93
P208,2025-09-01,76
P209,2025-09-01,92
P210,2025-09-01,190
P211,2025-09-01,103
P212,2025-09-01,44
P213,2025-09-01,64
P214,2025-09-01,66
P215,2025-09-01,48
P216,2025-09-01,146
P217,2025-09-01,61
P218,2025-09-01,57
P219,2025-09-01,89
P220,2025-09-01,126
P221,2025-09-01,108
P222,2025-09-01,68
P223,2025-09-01,54
P224,2025-09-01,36
P225,2025-09-01,51
P226,2025-09-01,58
P227,2025-09-01,68
P228,2025-09-01,217
P229,2025-09-01,47
P230,2025-09-01,72
P231,2025-09-01,31
P232,2025-09-01,83
P233,2025-09-01,31
P234,2025-09-01,46
P235,2025-09-01,118
P236,2025-09-01,34
P237,2025-09-01,75
P238,2025-09-01,116
P239,2025-09-01,139
P240,2025-09-01,37
P241,2025-09-01,64
P242,2025-09-01,655
P243,2025-09-01,107
P244,2025-09-01,43
P245,2025-09-01,43
P246,2025-09-01,43
P247,2025-09-01,68
P248,2025-09-01,94
P249,2025-09-01,137
P250,2025-09-01,48
P001,2025-10-01,55
P002,2025-10-01,37
P003,2025-10-01,68
P004,2025-10-01,142
P005,2025-10-01,27
P006,2025-10-01,69
P007,2025-10-01,95
P008,2025-10-01,136
P009,2025-10-01,92
P010,2025-10-01,85
P011,2025-10-01,48
P012,2025-10-01,79
P013,2025-10-01,166
P014,2025-10-01,31
P015,2025-10-01,113
P016,2025-10-01,75
P017,2025-10-01,61
P018,2025-10-01,38
P019,2025-10-01,36
P020,2025-10-01,175
P021,2025-10-01,46
P022,2025-10-01,39
P023,2025-10-01,40
P024,2025-10-01,40
P025,2025-10-01,68
P026,2025-10-01,165
P027,2025-10-01,52
P028,2025-10-01,54
P029,2025-10-01,40
P030,2025-10-01,162
P031,2025-10-01,97
P032,2025-10-01,33
P033,2025-10-01,94
P034,2025-10-01,126
P035,2025-10-01,88
P036,2025-10-01,39
P037,2025-10-01,673
P038,2025-10-01,102
P039,2025-10-01,86
P040,2025-10-01,53
P041,2025-10-01,49
P042,2025-10-01,89
P043,2025-10-01,139
P044,2025-10-01,125
P045,2025-10-01,39
P046,2025-10-01,56
P047,2025-10-01,192
P048,2025-10-01,95
P049,2025-10-01,70
P050,2025-10-01,33
P051,2025-10-01,43
P052,2025-10-01,39
P053,2025-10-01,56
P054,2025-10-01,84
P055,2025-10-01,85
P056,2025-10-01,194
P057,2025-10-01,64
P058,2025-10-01,123
P059,2025-10-01,66
P060,2025-10-01,158
P061,2025-10-01,32
P062,2025-10-01,46
P063,2025-10-01,115
P064,2025-10-01,71
P065,2025-10-01,96
P066,2025-10-01,132
P067,2025-10-01,109
P068,2025-10-01,92
P069,2025-10-01,121
P070,2025-10-01,159
P071,2025-10-01,112
P072,2025-10-01,127
P073,2025-10-01,110
P074,2025-10-01,39
P075,2025-10-01,57
P076,2025-10-01,104
P077,2025-10-01,17
P078,2025-10-01,141
P079,2025-10-01,55
P080,2025-10-01,46
P081,2025-10-01,37
P082,2025-10-01,107
P083,2025-10-01,116
P084,2025-10-01,242
P085,2025-10-01,137
P086,2025-10-01,142
P087,2025-10-01,182
P088,2025-10-01,43
P089,2025-10-01,38
P090,2025-10-01,66
P091,2025-10-01,48
P092,2025-10-01,83
P093,2025-10-01,43
P094,2025-10-01,107
P095,2025-10-01,75
P096,2025-10-01,56
P097,2025-10-01,83
P098,2025-10-01,70
P099,2025-10-01,115
P100,2025-10-01,104
P101,2025-10-01,68
P102,2025-10-01,150
P103,2025-10-01,148
P104,2025-10-01,121
P105,2025-10-01,37
P106,2025-10-01,46
P107,2025-10-01,30
P108,2025-10-01,48
P109,2025-10-01,78
P110,2025-10-01,62
P111,2025-10-01,173
P112,2025-10-01,40
P113,2025-10-01,35
P114,2025-10-01,90
P115,2025-10-01,92
P116,2025-10-01,103
P117,2025-10-01,85
P118,2025-10-01,84
P119,2025-10-01,28
P120,2025-10-01,50
P121,2025-10-01,51
P122,2025-10-01,52
P123,2025-10-01,70
P124,2025-10-01,123
P125,2025-10-01,100
P126,2025-10-01,36
P127,2025-10-01,262
P128,2025-10-01,104
P129,2025-10-01,85
P130,2025-10-01,33
P131,2025-10-01,93
P132,2025-10-01,77
P133,2025-10-01,113
P134,2025-10-01,132
P135,2025-10-01,172
P136,2025-10-01,94
P137,2025-10-01,74
P138,2025-10-01,147
P139,2025-10-01,39
P140,2025-10-01,41
P141,2025-10-01,46
P142,2025-10-01,111
P143,2025-10-01,74
P144,2025-10-01,158
P145,2025-10-01,29
P146,2025-10-01,40
P147,2025-10-01,70
P148,2025-10-01,115
P149,2025-10-01,61
P150,2025-10-01,67
P151,2025-10-01,58
P152,2025-10-01,26
P153,2025-10-01,33
P154,2025-10-01,53
P155,2025-10-01,162
P156,2025-10-01,67
P157,2025-10-01,129
P158,2025-10-01,95
P159,2025-10-01,73
P160,2025-10-01,86
P161,2025-10-01,27
P162,2025-10-01,79
P163,2025-10-01,159
P164,2025-10-01,113
P165,2025-10-01,26
P166,2025-10-01,77
P167,2025-10-01,91
P168,2025-10-01,125
P169,2025-10-01,65
P170,2025-10-01,68
P171,2025-10-01,143
P172,2025-10-01,67
P173,2025-10-01,109
P174,2025-10-01,129
P175,2025-10-01,58
P176,2025-10-01,46
P177,2025-10-01,151
P178,2025-10-01,99
P179,2025-10-01,54
P180,2025-10-01,26
P181,2025-10-01,122
P182,2025-10-01,78
P183,2025-10-01,37
P184,2025-10-01,103
P185,2025-10-01,43
P186,2025-10-01,32
P187,2025-10-01,53
P188,2025-10-01,163
P189,2025-10-01,207
P190,2025-10-01,76
P191,2025-10-01,103
P192,2025-10-01,169
P193,2025-10-01,65
P194,2025-10-01,102
P195,2025-10-01,48
P196,2025-10-01,49
P197,2025-10-01,201
P198,2025-10-01,33
P199,2025-10-01,145
P200,2025-10-01,54
P201,2025-10-01,95
P202,2025-10-01,86
P203,2025-10-01,118
P204,2025-10-01,94
P205,2025-10-01,221
P206,2025-10-01,44
P207,2025-10-01,86
P208,2025-10-01,58
P209,2025-10-01,82
P210,2025-10-01,230
P211,2025-10-01,114
P212,2025-10-01,25
P213,2025-10-01,111
P214,2025-10-01,26
P215,2025-10-01,60
P216,2025-10-01,130
P217,2025-10-01,33
P218,2025-10-01,53
P219,2025-10-01,65
P220,2025-10-01,96
P221,2025-10-01,116
P222,2025-10-01,68
P223,2025-10-01,60
P224,2025-10-01,37
P225,2025-10-01,61
P226,2025-10-01,34
P227,2025-10-01,78
P228,2025-10-01,227
P229,2025-10-01,45
P230,2025-10-01,55
P231,2025-10-01,27
P232,2025-10-01,87
P233,2025-10-01,35
P234,2025-10-01,53
P235,2025-10-01,149
P236,2025-10-01,39
P237,2025-10-01,79
P238,2025-10-01,116
P239,2025-10-01,150
P240,2025-10-01,43
P241,2025-10-01,48
P242,2025-10-01,192
P243,2025-10-01,61
P244,2025-10-01,39
P245,2025-10-01,46
P246,2025-10-01,36
P247,2025-10-01,48
P248,2025-10-01,159
P249,2025-10-01,114
P250,2025-10-01,43
P001,2025-11-01,43
P002,2025-11-01,43
P003,2025-11-01,82
P004,2025-11-01,173
P005,2025-11-01,30
P006,2025-11-01,46
P007,2025-11-01,88
P008,2025-11-01,44
P009,2025-11-01,86
P010,2025-11-01,72
P011,2025-11-01,50
P012,2025-11-01,76
P013,2025-11-01,145
P014,2025-11-01,32
P015,2025-11-01,125
P016,2025-11-01,70
P017,2025-11-01,70
P018,2025-11-01,31
P019,2025-11-01,34
P020,2025-11-01,140
P021,2025-11-01,38
P022,2025-11-01,40
P023,2025-11-01,57
P024,2025-11-01,54
P025,2025-11-01,70
P026,2025-11-01,197
P027,2025-11-01,64
P028,2025-11-01,75
P029,2025-11-01,49
P030,2025-11-01,151
P031,2025-11-01,34
P032,2025-11-01,33
P033,2025-11-01,138
P034,2025-11-01,153
P035,2025-11-01,84
P036,2025-11-01,36
P037,2025-11-01,264
P038,2025-11-01,255
P039,2025-11-01,160
P040,2025-11-01,14
P041,2025-11-01,63
P042,2025-11-01,45
P043,2025-11-01,125
P044,2025-11-01,60
P045,2025-11-01,29
P046,2025-11-01,148
P047,2025-11-01,107
P048,2025-11-01,135
P049,2025-11-01,57
P050,2025-11-01,29
P051,2025-11-01,30
P052,2025-11-01,39
P053,2025-11-01,48
P054,2025-11-01,69
P055,2025-11-01,73
P056,2025-11-01,226
P057,2025-11-01,80
P058,2025-11-01,116
P059,2025-11-01,76
P060,2025-11-01,162
P061,2025-11-01,37
P062,2025-11-01,59
P063,2025-11-01,121
P064,2025-11-01,74
P065,2025-11-01,116
P066,2025-11-01,98
P067,2025-11-01,133
P068,2025-11-01,53
P069,2025-11-01,94
P070,2025-11-01,157
P071,2025-11-01,124
P072,2025-11-01,139
P073,2025-11-01,28
P074,2025-11-01,40
P075,2025-11-01,51
P076,2025-11-01,117
P077,2025-11-01,21
P078,2025-11-01,24
P079,2025-11-01,52
P080,2025-11-01,88
P081,2025-11-01,33
P082,2025-11-01,197
P083,2025-11-01,86
P084,2025-11-01,209
P085,2025-11-01,141
P086,2025-11-01,122
P087,2025-11-01,285
P088,2025-11-01,57
P089,2025-11-01,33
P090,2025-11-01,56
P091,2025-11-01,48
P092,2025-11-01,52
P093,2025-11-01,37
P094,2025-11-01,110
P095,2025-11-01,75
P096,2025-11-01,62
P097,2025-11-01,76
P098,2025-11-01,47
P099,2025-11-01,67
P100,2025-11-01,177
P101,2025-11-01,50
P102,2025-11-01,374
P103,2025-11-01,169
P104,2025-11-01,157
P105,2025-11-01,32
P106,2025-11-01,58
P107,2025-11-01,33
P108,2025-11-01,70
P109,2025-11-01,75
P110,2025-11-01,69
P111,2025-11-01,236
P112,2025-11-01,45
P113,2025-11-01,34
P114,2025-11-01,89
P115,2025-11-01,77
P116,2025-11-01,88
P117,2025-11-01,97
P118,2025-11-01,86
P119,2025-11-01,31
P120,2025-11-01,62
P121,2025-11-01,110
P122,2025-11-01,54
P123,2025-11-01,55
P124,2025-11-01,69
P125,2025-11-01,89
P126,2025-11-01,44
P127,2025-11-01,99
P128,2025-11-01,76
P129,2025-11-01,82
P130,2025-11-01,28
P131,2025-11-01,85
P132,2025-11-01,85
P133,2025-11-01,136
P134,2025-11-01,219
P135,2025-11-01,158
P136,2025-11-01,47
P137,2025-11-01,56
P138,2025-11-01,133
P139,2025-11-01,42
P140,2025-11-01,27
P141,2025-11-01,58
P142,2025-11-01,125
P143,2025-11-01,57
P144,2025-11-01,157
P145,2025-11-01,28
P146,2025-11-01,24
P147,2025-11-01,57
P148,2025-11-01,99
P149,2025-11-01,74
P150,2025-11-01,31
P151,2025-11-01,59
P152,2025-11-01,23
P153,2025-11-01,289
P154,2025-11-01,44
P155,2025-11-01,161
P156,2025-11-01,49
P157,2025-11-01,96
P158,2025-11-01,85
P159,2025-11-01,64
P160,2025-11-01,82
P161,2025-11-01,26
P162,2025-11-01,75
P163,2025-11-01,261
P164,2025-11-01,114
P165,2025-11-01,22
P166,2025-11-01,83
P167,2025-11-01,87
P168,2025-11-01,125
P169,2025-11-01,63
P170,2025-11-01,41
P171,2025-11-01,138
P172,2025-11-01,69
P173,2025-11-01,59
P174,2025-11-01,66
P175,2025-11-01,53
P176,2025-11-01,57
P177,2025-11-01,220
P178,2025-11-01,72
P179,2025-11-01,42
P180,2025-11-01,33
P181,2025-11-01,128
P182,2025-11-01,72
P183,2025-11-01,37
P184,2025-11-01,72
P185,2025-11-01,101
P186,2025-11-01,27
P187,2025-11-01,86
P188,2025-11-01,175
P189,2025-11-01,338
P190,2025-11-01,66
P191,2025-11-01,73
P192,2025-11-01,188
P193,2025-11-01,215
P194,2025-11-01,90
P195,2025-11-01,54
P196,2025-11-01,35
P197,2025-11-01,108
P198,2025-11-01,30
P199,2025-11-01,135
P200,2025-11-01,40
P201,2025-11-01,72
P202,2025-11-01,51
P203,2025-11-01,146
P204,2025-11-01,74
P205,2025-11-01,257
P206,2025-11-01,42
P207,2025-11-01,79
P208,2025-11-01,72
P209,2025-11-01,76
P210,2025-11-01,191
P211,2025-11-01,78
P212,2025-11-01,34
P213,2025-11-01,111
P214,2025-11-01,153
P215,2025-11-01,38
P216,2025-11-01,140
P217,2025-11-01,57
P218,2025-11-01,70
P219,2025-11-01,60
P220,2025-11-01,137
P221,2025-11-01,94
P222,2025-11-01,71
P223,2025-11-01,66
P224,2025-11-01,35
P225,2025-11-01,42
P226,2025-11-01,42
P227,2025-11-01,60
P228,2025-11-01,233
P229,2025-11-01,45
P230,2025-11-01,67
P231,2025-11-01,23
P232,2025-11-01,99
P233,2025-11-01,27
P234,2025-11-01,45
P235,2025-11-01,147
P236,2025-11-01,34
P237,2025-11-01,75
P238,2025-11-01,103
P239,2025-11-01,54
P240,2025-11-01,43
P241,2025-11-01,56
P242,2025-11-01,109
P243,2025-11-01,48
P244,2025-11-01,44
P245,2025-11-01,46
P246,2025-11-01,48
P247,2025-11-01,80
P248,2025-11-01,176
P249,2025-11-01,123
P250,2025-11-01,35
P001,2025-12-01,39
P002,2025-12-01,32
P003,2025-12-01,80
P004,2025-12-01,140
P005,2025-12-01,26
P006,2025-12-01,61
P007,2025-12-01,84
P008,2025-12-01,83
P009,2025-12-01,67
P010,2025-12-01,83
P011,2025-12-01,63
P012,2025-12-01,97
P013,2025-12-01,170
P014,2025-12-01,29
P015,2025-12-01,95
P016,2025-12-01,57
P017,2025-12-01,49
P018,2025-12-01,38
P019,2025-12-01,32
P020,2025-12-01,186
P021,2025-12-01,50
P022,2025-12-01,47
P023,2025-12-01,41
P024,2025-12-01,49
P025,2025-12-01,41
P026,2025-12-01,130
P027,2025-12-01,60
P028,2025-12-01,67
P029,2025-12-01,41
P030,2025-12-01,140
P031,2025-12-01,52
P032,2025-12-01,28
P033,2025-12-01,141
P034,2025-12-01,211
P035,2025-12-01,80
P036,2025-12-01,39
P037,2025-12-01,199
P038,2025-12-01,175
P039,2025-12-01,165
P040,2025-12-01,52
P041,2025-12-01,55
P042,2025-12-01,67
P043,2025-12-01,156
P044,2025-12-01,64
P045,2025-12-01,48
P046,2025-12-01,112
P047,2025-12-01,124
P048,2025-12-01,44
P049,2025-12-01,52
P050,2025-12-01,26
P051,2025-12-01,34
P052,2025-12-01,41
P053,2025-12-01,54
P054,2025-12-01,76
P055,2025-12-01,76
P056,2025-12-01,283
P057,2025-12-01,74
P058,2025-12-01,96
P059,2025-12-01,88
P060,2025-12-01,171
P061,2025-12-01,38
P062,2025-12-01,60
P063,2025-12-01,140
P064,2025-12-01,80
P065,2025-12-01,144
P066,2025-12-01,46
P067,2025-12-01,107
P068,2025-12-01,75
P069,2025-12-01,105
P070,2025-12-01,162
P071,2025-12-01,108
P072,2025-12-01,133
P073,2025-12-01,99
P074,2025-12-01,47
P075,2025-12-01,41
P076,2025-12-01,111
P077,2025-12-01,31
P078,2025-12-01,11
P079,2025-12-01,43
P080,2025-12-01,57
P081,2025-12-01,35
P082,2025-12-01,82
P083,2025-12-01,85
P084,2025-12-01,151
P085,2025-12-01,187
P086,2025-12-01,127
P087,2025-12-01,270
P088,2025-12-01,52
P089,2025-12-01,36
P090,2025-12-01,84
P091,2025-12-01,18
P092,2025-12-01,80
P093,2025-12-01,34
P094,2025-12-01,110
P095,2025-12-01,85
P096,2025-12-01,46
P097,2025-12-01,81
P098,2025-12-01,68
P099,2025-12-01,150
P100,2025-12-01,56
P101,2025-12-01,51
P102,2025-12-01,88
P103,2025-12-01,121
P104,2025-12-01,161
P105,2025-12-01,40
P106,2025-12-01,50
P107,2025-12-01,37
P108,2025-12-01,55
P109,2025-12-01,83
P110,2025-12-01,61
P111,2025-12-01,180
P112,2025-12-01,40
P113,2025-12-01,34
P114,2025-12-01,68
P115,2025-12-01,83
P116,2025-12-01,103
P117,2025-12-01,97
P118,2025-12-01,79
P119,2025-12-01,26
P120,2025-12-01,51
P121,2025-12-01,77
P122,2025-12-01,73
P123,2025-12-01,65
P124,2025-12-01,85
P125,2025-12-01,140
P126,2025-12-01,33
P127,2025-12-01,601
P128,2025-12-01,115
P129,2025-12-01,83
P130,2025-12-01,31
P131,2025-12-01,69
P132,2025-12-01,91
P133,2025-12-01,88
P134,2025-12-01,205
P135,2025-12-01,228
P136,2025-12-01,77
P137,2025-12-01,42
P138,2025-12-01,27
P139,2025-12-01,42
P140,2025-12-01,39
P141,2025-12-01,67
P142,2025-12-01,119
P143,2025-12-01,46
P144,2025-12-01,163
P145,2025-12-01,34
P146,2025-12-01,30
P147,2025-12-01,50
P148,2025-12-01,100
P149,2025-12-01,57
P150,2025-12-01,130
P151,2025-12-01,59
P152,2025-12-01,30
P153,2025-12-01,81
P154,2025-12-01,41
P155,2025-12-01,111
P156,2025-12-01,59
P157,2025-12-01,96
P158,2025-12-01,87
P159,2025-12-01,65
P160,2025-12-01,62
P161,2025-12-01,25
P162,2025-12-01,58
P163,2025-12-01,220
P164,2025-12-01,136
P165,2025-12-01,41
P166,2025-12-01,76
P167,2025-12-01,78
P168,2025-12-01,99
P169,2025-12-01,73
P170,2025-12-01,0
P171,2025-12-01,126
P172,2025-12-01,64
P173,2025-12-01,242
P174,2025-12-01,102
P175,2025-12-01,69
P176,2025-12-01,82
P177,2025-12-01,182
P178,2025-12-01,79
P179,2025-12-01,55
P180,2025-12-01,38
P181,2025-12-01,144
P182,2025-12-01,54
P183,2025-12-01,49
P184,2025-12-01,75
P185,2025-12-01,84
P186,2025-12-01,23
P187,2025-12-01,76
P188,2025-12-01,141
P189,2025-12-01,472
P190,2025-12-01,70
P191,2025-12-01,82
P192,2025-12-01,145
P193,2025-12-01,92
P194,2025-12-01,80
P195,2025-12-01,55
P196,2025-12-01,47
P197,2025-12-01,88
P198,2025-12-01,35
P199,2025-12-01,87
P200,2025-12-01,30
P201,2025-12-01,64
P202,2025-12-01,31
P203,2025-12-01,138
P204,2025-12-01,130
P205,2025-12-01,269
P206,2025-12-01,40
P207,2025-12-01,69
P208,2025-12-01,60
P209,2025-12-01,85
P210,2025-12-01,229
P211,2025-12-01,53
P212,2025-12-01,32
P213,2025-12-01,104
P214,2025-12-01,77
P215,2025-12-01,47
P216,2025-12-01,130
P217,2025-12-01,61
P218,2025-12-01,47
P219,2025-12-01,68
P220,2025-12-01,137
P221,2025-12-01,127
P222,2025-12-01,88
P223,2025-12-01,45
P224,2025-12-01,56
P225,2025-12-01,1
P226,2025-12-01,35
P227,2025-12-01,69
P228,2025-12-01,184
P229,2025-12-01,53
P230,2025-12-01,70
P231,2025-12-01,24
P232,2025-12-01,92
P233,2025-12-01,30
P234,2025-12-01,51
P235,2025-12-01,129
P236,2025-12-01,34
P237,2025-12-01,74
P238,2025-12-01,180
P239,2025-12-01,236
P240,2025-12-01,38
P241,2025-12-01,67
P242,2025-12-01,143
P243,2025-12-01,86
P244,2025-12-01,36
P245,2025-12-01,29
P246,2025-12-01,32
P247,2025-12-01,65
P248,2025-12-01,116
P249,2025-12-01,134
P250,2025-12-01,29
